wbic,trout_clas
84000,CLASS II
91500,CLASS I
258200,CLASS II
259000,CLASS I
259300,CLASS I
261300,CLASS I
268700,CLASS I
284900,CLASS I
285600,CLASS I
288700,CLASS I
272600,CLASS II
273000,CLASS II
275400,CLASS I
278200,CLASS I
769800,CLASS I
371300,CLASS II
380000,CLASS I
383000,CLASS I
384600,CLASS I
387000,CLASS I
299700,CLASS I
301900,CLASS I
302400,CLASS I
303400,CLASS II
304100,CLASS I
294000,CLASS I
306000,CLASS I
306700,CLASS I
306900,CLASS I
308900,CLASS II
309300,CLASS I
311100,CLASS I
311400,CLASS I
312800,CLASS I
312950,CLASS I
313500,CLASS I
313600,CLASS I
318900,CLASS I
322300,CLASS I
87000,CLASS II
901000,CLASS II
448300,CLASS I
457800,CLASS III
458500,CLASS I
459800,CLASS I
460100,CLASS I
463600,CLASS I
465700,CLASS I
481100,CLASS III
484700,CLASS I
485400,CLASS I
488500,CLASS I
346700,CLASS I
348600,CLASS I
352600,CLASS I
355400,CLASS I
356500,CLASS I
367800,CLASS I
57200,CLASS I
848900,CLASS II
149900,CLASS I
151700,CLASS I
327250,CLASS I
327900,CLASS I
328700,CLASS I
330000,CLASS II
330700,CLASS I
332400,CLASS I
334900,CLASS I
336800,CLASS I
341200,CLASS I
342200,CLASS I
394000,CLASS II
401600,CLASS II
404500,CLASS I
166100,CLASS I
247800,CLASS II
248600,CLASS I
518000,CLASS II
518100,CLASS II
520400,CLASS I
521000,CLASS II
526000,CLASS I
529100,CLASS I
533400,CLASS II
535600,CLASS I
535900,CLASS II
541500,CLASS I
541600,CLASS II
515500,CLASS II
545900,CLASS I
560200,CLASS II
570300,CLASS I
570400,CLASS III
574900,CLASS II
550600,CLASS III
551500,CLASS II
711000,CLASS II
1352200,CLASS I
1374100,CLASS II
1377200,CLASS I
616300,CLASS I
621800,CLASS II
628300,CLASS I
632400,CLASS I
634800,CLASS II
642900,CLASS I
646700,CLASS I
647900,CLASS I
672100,CLASS I
676100,CLASS I
679700,CLASS II
681200,CLASS II
688900,CLASS II
699000,CLASS II
652900,CLASS III
653300,CLASS I
657400,CLASS I
669000,CLASS I
671400,CLASS II
709200,CLASS II
710100,CLASS II
1481900,CLASS II
1482100,CLASS II
1483400,CLASS I
1483500,CLASS I
1484000,CLASS II
1485300,CLASS II
1487200,CLASS II
1492100,CLASS I
1492600,CLASS II
1495200,CLASS II
1496900,CLASS II
1497000,CLASS II
1498800,CLASS II
1500500,CLASS I
1501000,CLASS I
1503200,CLASS I
1503500,CLASS II
1556600,CLASS I
1557100,CLASS II
1558600,CLASS I
1566500,CLASS III
1507200,CLASS I
1508000,CLASS I
1391400,CLASS I
1391600,CLASS I
1406800,CLASS I
1436200,CLASS II
1437100,CLASS II
1439400,CLASS I
1440800,CLASS I
1442300,CLASS II
1446800,CLASS II
1447300,CLASS II
1449200,CLASS II
1463300,CLASS III
1467900,CLASS II
1494100,CLASS II
1476700,CLASS II
1476800,CLASS II
1478700,CLASS II
1479800,CLASS II
1481200,CLASS II
1579300,CLASS I
1299800,CLASS II
1300700,CLASS III
1181700,CLASS II
1182700,CLASS I
1183200,CLASS III
1185500,CLASS I
1187900,CLASS II
1188500,CLASS I
1193100,CLASS I
1193600,CLASS II
1195700,CLASS II
1196900,CLASS II
1198300,CLASS III
1622500,CLASS II
1624500,CLASS I
1624800,CLASS I
1601800,CLASS I
1271100,CLASS II
1279000,CLASS II
1345400,CLASS II
1295200,CLASS II
1296400,CLASS II
1508300,CLASS II
1508700,CLASS II
1508800,CLASS III
1511500,CLASS II
1512100,CLASS I
1547200,CLASS I
1549800,CLASS I
1551500,CLASS II
1520600,CLASS II
1521300,CLASS I
1528800,CLASS II
1531200,CLASS I
1222100,CLASS II
1230400,CLASS II
1233700,CLASS II
1234600,CLASS II
1251600,CLASS II
1251900,CLASS II
1248600,CLASS I
909200,CLASS II
910800,CLASS II
915900,CLASS II
923400,CLASS II
932100,CLASS II
1261900,CLASS II
1263900,CLASS I
1270200,CLASS II
879800,CLASS III
880500,CLASS II
882700,CLASS III
888100,CLASS II
886100,CLASS II
899700,CLASS II
1199600,CLASS III
1203900,CLASS I
1204100,CLASS I
1205100,CLASS II
1207000,CLASS II
1207900,CLASS II
1211700,CLASS I
1213200,CLASS I
1215600,CLASS I
1217900,CLASS I
1237900,CLASS I
1238300,CLASS II
1238600,CLASS I
1647600,CLASS I
1649200,CLASS I
1652700,CLASS I
1650200,CLASS II
1655900,CLASS I
1656400,CLASS III
1659400,CLASS I
1661200,CLASS I
1662500,CLASS I
1665800,CLASS III
1676700,CLASS II
1677500,CLASS II
1681000,CLASS II
1682500,CLASS II
1684300,CLASS I
1691300,CLASS I
1692100,CLASS II
1693400,CLASS I
1694000,CLASS II
1694800,CLASS II
1770300,CLASS III
1778600,CLASS II
1782500,CLASS II
1784900,CLASS II
1804200,CLASS I
1806700,CLASS I
1806900,CLASS II
1807200,CLASS I
1810300,CLASS II
1696300,CLASS II
1697800,CLASS III
1700400,CLASS II
1714100,CLASS I
1710000,CLASS I
1710600,CLASS II
1726500,CLASS I
950700,CLASS II
955100,CLASS II
963100,CLASS I
963500,CLASS II
964300,CLASS II
1636300,CLASS I
1638100,CLASS I
1639900,CLASS III
2298700,CLASS III
2327800,CLASS II
2366700,CLASS I
2364900,CLASS II
2371300,CLASS I
2371700,CLASS I
1817000,CLASS II
1828500,CLASS I
1830500,CLASS I
2218000,CLASS II
2219700,CLASS I
2229600,CLASS II
2237000,CLASS I
2245200,CLASS III
2255400,CLASS II
2258000,CLASS III
2277000,CLASS III
2279200,CLASS II
2292500,CLASS III
2293300,CLASS II
2056800,CLASS II
2057400,CLASS II
2059600,CLASS II
2060200,CLASS II
2066000,CLASS II
2066600,CLASS II
2077300,CLASS I
2080400,CLASS I
2070500,CLASS II
2074200,CLASS I
2075300,CLASS II
2084900,CLASS II
2086100,CLASS I
2148500,CLASS III
2151500,CLASS I
2440300,CLASS I
2443200,CLASS II
2443300,CLASS II
2445000,CLASS II
2447000,CLASS II
2447100,CLASS I
2116700,CLASS II
2095800,CLASS I
2719500,CLASS II
2111300,CLASS I
2121900,CLASS I
2128600,CLASS II
2129400,CLASS I
2129900,CLASS II
2131900,CLASS I
2140000,CLASS II
2143400,CLASS III
2391300,CLASS I
2408700,CLASS III
2414400,CLASS I
2414600,CLASS III
2427800,CLASS III
2048500,CLASS II
2061900,CLASS II
2053200,CLASS II
2653100,CLASS I
2654600,CLASS I
2658600,CLASS II
2669500,CLASS I
2688600,CLASS I
2689400,CLASS I
2737100,CLASS II
2744800,CLASS II
2747800,CLASS III
2710500,CLASS II
2863200,CLASS I
2870600,CLASS I
2872000,CLASS II
2872400,CLASS I
2874200,CLASS II
2880000,CLASS I
2881900,CLASS II
2884300,CLASS II
2884500,CLASS I
2886000,CLASS I
2886900,CLASS II
2888000,CLASS I
2699500,CLASS III
2713300,CLASS II
2716300,CLASS III
2716400,CLASS II
2724300,CLASS II
2729100,CLASS I
2731600,CLASS III
2836700,CLASS I
2836900,CLASS III
2841400,CLASS II
2841500,CLASS I
2841600,CLASS I
2842200,CLASS I
2851900,CLASS II
2853900,CLASS II
2856000,CLASS I
2859800,CLASS III
2861800,CLASS I
2861900,CLASS III
2120300,CLASS II
2123900,CLASS II
2124400,CLASS I
2125700,CLASS II
2601800,CLASS I
2604600,CLASS II
2604700,CLASS I
2610900,CLASS II
2619000,CLASS I
2636000,CLASS II
2636300,CLASS II
2939200,CLASS III
2941200,CLASS II
2947500,CLASS II
582000,CLASS II
272400,CLASS II
1521100,CLASS II
357400,CLASS I
1568400,CLASS II
637500,CLASS II
647600,CLASS II
677600,CLASS I
660500,CLASS II
708900,CLASS II
1443400,CLASS I
1446900,CLASS II
1463000,CLASS II
1465600,CLASS II
1470800,CLASS I
155900,CLASS I
2894900,CLASS I
2895100,CLASS I
2895900,CLASS I
2898800,CLASS I
2900300,CLASS III
2901200,CLASS I
2906200,CLASS III
2906300,CLASS II
2907400,CLASS II
2908700,CLASS I
2911300,CLASS II
2911900,CLASS II
2915200,CLASS I
2921800,CLASS I
2924700,CLASS III
2927600,CLASS III
2929000,CLASS I
2932100,CLASS II
2932800,CLASS II
2048400,CLASS II
2064600,CLASS II
2065000,CLASS I
2150600,CLASS I
2617300,CLASS I
2652800,CLASS I
2653200,CLASS I
2862900,CLASS I
1530800,CLASS I
1576500,CLASS II
1305000,CLASS I
1333300,CLASS III
1307500,CLASS II
1183000,CLASS I
1229300,CLASS II
951100,CLASS I
1637000,CLASS III
1654100,CLASS II
1706100,CLASS III
1713300,CLASS II
1823000,CLASS II
1221300,CLASS II
1204400,CLASS I
1326700,CLASS I
1648300,CLASS II
50700,CLASS II
2912300,CLASS II
1289800,CLASS III
2146100,CLASS II
2921500,CLASS I
480900,CLASS I
694800,CLASS III
656700,CLASS I
703800,CLASS III
708700,CLASS III
720100,CLASS III
1484600,CLASS II
1497700,CLASS II
1567300,CLASS I
310700,CLASS I
309700,CLASS I
305600,CLASS I
386600,CLASS II
391500,CLASS II
915100,CLASS II
1351200,CLASS III
2273700,CLASS I
1648100,CLASS I
2080100,CLASS I
51200,CLASS I
2877500,CLASS I
2884600,CLASS I
2931400,CLASS II
2939400,CLASS I
459600,CLASS I
547600,CLASS II
1206400,CLASS I
1232200,CLASS I
1288400,CLASS III
1642200,CLASS I
1643500,CLASS III
1636600,CLASS II
7215131,CLASS I
772100,CLASS II
765500,CLASS III
100400,CLASS I
165800,CLASS I
536300,CLASS I
537400,CLASS II
547200,CLASS II
562200,CLASS I
611400,CLASS I
1271600,CLASS II
618000,CLASS II
623100,CLASS I
627250,CLASS I
629750,CLASS I
631100,CLASS I
631500,CLASS I
2895200,CLASS II
1298800,CLASS I
3000387,CLASS I
1306100,CLASS III
1307200,CLASS II
3000201,CLASS II
3000379,CLASS II
897800,CLASS II
2891900,CLASS III
3000363,CLASS II
1212500,CLASS II
1193700,CLASS II
448850,CLASS I
453400,CLASS III
458450,CLASS I
463100,CLASS I
464000,CLASS I
469200,CLASS I
469800,CLASS I
470400,CLASS I
3000358,CLASS II
473200,CLASS I
477700,CLASS II
477600,CLASS II
484900,CLASS I
492600,CLASS I
495500,CLASS I
518400,CLASS I
520950,CLASS I
1242200,CLASS II
529800,CLASS I
533450,CLASS I
241300,CLASS II
267400,CLASS I
257400,CLASS II
301300,CLASS I
329500,CLASS I
1650900,CLASS I
1686900,CLASS III
1769900,CLASS II
1808400,CLASS II
2882600,CLASS I
2750000,CLASS II
2949000,CLASS III
2291900,CLASS II
2405000,CLASS II
2405500,CLASS II
2282300,CLASS III
2284100,CLASS III
1827100,CLASS I
1827500,CLASS III
1827700,CLASS I
1828400,CLASS I
1830000,CLASS III
660600,CLASS II
681400,CLASS II
404700,CLASS I
1530600,CLASS I
567300,CLASS I
330600,CLASS I
1531500,CLASS I
2112200,CLASS I
2370500,CLASS II
2374200,CLASS III
2089600,CLASS II
2067550,CLASS II
2068700,CLASS II
2073900,CLASS II
2074800,CLASS II
3000360,CLASS II
648000,CLASS II
2082800,CLASS II
5003483,CLASS I
5008977,CLASS II
652700,CLASS I
5003463,CLASS I
657800,CLASS I
1392800,CLASS I
660800,CLASS I
1404750,CLASS I
2048000,CLASS II
2099100,CLASS I
3000224,CLASS III
3000223,CLASS III
2094800,CLASS II
620150,CLASS I
624000,CLASS I
634000,CLASS III
640500,CLASS I
2064400,CLASS II
1646200,CLASS I
1653100,CLASS III
1660500,CLASS I
1640700,CLASS I
2057450,CLASS II
2051450,CLASS II
1648200,CLASS II
1650500,CLASS III
1655400,CLASS II
1657200,CLASS I
1679200,CLASS II
1683320,CLASS II
1566900,CLASS I
3000515,CLASS I
3000355,CLASS I
1706200,CLASS II
1802000,CLASS III
2900600,CLASS I
2863000,CLASS I
2411600,CLASS I
5001955,CLASS I
1526100,CLASS I
875300,CLASS II
2104200,CLASS I
5003958,CLASS I
2877900,CLASS I
5000450,CLASS I
5000655,CLASS I
5000322,CLASS I
5000483,CLASS I
5001445,CLASS I
5001450,CLASS I
5000342,CLASS I
999000112,CLASS I
4000034,CLASS I
299600,CLASS I
299800,CLASS I
300000,CLASS I
300200,CLASS I
301200,CLASS I
301400,CLASS I
302100,CLASS I
302800,CLASS I
303000,CLASS I
303100,CLASS II
303200,CLASS I
303300,CLASS I
303700,CLASS I
304200,CLASS I
304700,CLASS I
295600,CLASS II
297200,CLASS II
297700,CLASS I
305700,CLASS I
306300,CLASS I
307000,CLASS I
84300,CLASS II
307100,CLASS I
307800,CLASS I
308100,CLASS I
308200,CLASS II
308500,CLASS I
308800,CLASS I
309500,CLASS I
1189300,CLASS I
90700,CLASS II
311000,CLASS I
311200,CLASS I
311300,CLASS I
311600,CLASS I
311700,CLASS I
2656500,CLASS I
311800,CLASS I
311900,CLASS I
312000,CLASS I
312700,CLASS I
312900,CLASS I
313200,CLASS I
2088100,CLASS II
1227400,CLASS II
2362500,CLASS I
94600,CLASS II
313700,CLASS I
314000,CLASS I
314900,CLASS I
2096300,CLASS II
266700,CLASS I
267100,CLASS I
267300,CLASS I
54700,CLASS II
54800,CLASS II
32100,CLASS II
260200,CLASS I
262000,CLASS I
280900,CLASS II
281500,CLASS II
1487900,CLASS I
667600,CLASS I
667700,CLASS I
668400,CLASS I
704600,CLASS III
705500,CLASS I
3000229,CLASS II
3000359,CLASS III
706200,CLASS III
706800,CLASS I
2055650,CLASS I
2606900,CLASS II
2605000,CLASS II
2602200,CLASS II
3000368,CLASS II
3000019,CLASS I
3000020,CLASS I
1506500,CLASS II
1191800,CLASS I
2058000,CLASS I
1646700,CLASS I
2930900,CLASS I
2052850,CLASS II
3000367,CLASS II
303800,CLASS I
2278100,CLASS II
2278500,CLASS I
2278700,CLASS I
2129650,CLASS I
2398800,CLASS I
649200,CLASS I
2940300,CLASS II
650300,CLASS II
3000264,CLASS I
7215135,CLASS I
2236500,CLASS III
2240200,CLASS III
1643200,CLASS I
1648900,CLASS I
2131300,CLASS II
2151300,CLASS II
-348920,CLASS I
348919,CLASS I
2248800,CLASS II
2253500,CLASS I
337700,CLASS I
373100,CLASS II
3000178,CLASS I
278950,CLASS I
2366600,CLASS II
1402800,CLASS I
2399800,CLASS III
2656600,CLASS II
2706100,CLASS I
3000151,CLASS II
2632700,CLASS II
1474400,CLASS I
2617200,CLASS II
2333700,CLASS I
2084000,CLASS II
1601600,CLASS I
5003712,CLASS I
5003700,CLASS I
5003674,CLASS I
2923100,CLASS II
2654200,CLASS I
2087300,CLASS II
1220900,CLASS I
1664200,CLASS I
1294000,CLASS I
394500,CLASS I
394900,CLASS II
400400,CLASS I
401400,CLASS I
254400,CLASS I
256200,CLASS II
256300,CLASS I
686700,CLASS I
685000,CLASS II
459400,CLASS I
459700,CLASS I
460400,CLASS I
460500,CLASS I
462700,CLASS I
463000,CLASS I
465300,CLASS I
467400,CLASS I
469000,CLASS I
472200,CLASS I
472800,CLASS I
473400,CLASS I
475200,CLASS II
477800,CLASS I
480000,CLASS I
481000,CLASS III
488800,CLASS I
492400,CLASS I
493700,CLASS I
495400,CLASS I
136000,CLASS II
146700,CLASS II
148600,CLASS II
151800,CLASS I
152800,CLASS I
157400,CLASS I
157800,CLASS I
326600,CLASS III
326700,CLASS I
327200,CLASS I
328800,CLASS I
329300,CLASS II
329400,CLASS I
330300,CLASS II
330500,CLASS II
330800,CLASS I
332500,CLASS I
332900,CLASS I
335900,CLASS II
336700,CLASS II
338200,CLASS I
339000,CLASS I
340600,CLASS I
341100,CLASS I
851100,CLASS I
524500,CLASS II
2662100,CLASS II
2282900,CLASS II
2064900,CLASS I
519900,CLASS I
520700,CLASS I
523600,CLASS II
2066200,CLASS II
2066300,CLASS II
345200,CLASS I
346400,CLASS I
347100,CLASS I
861600,CLASS II
861700,CLASS II
526100,CLASS II
527800,CLASS I
528100,CLASS I
529200,CLASS I
347700,CLASS I
348500,CLASS II
349500,CLASS I
350600,CLASS I
351300,CLASS I
351400,CLASS I
352900,CLASS I
531600,CLASS I
533500,CLASS III
533700,CLASS II
534500,CLASS II
538100,CLASS I
539200,CLASS I
539400,CLASS I
354800,CLASS I
355200,CLASS I
355600,CLASS I
356100,CLASS II
357500,CLASS I
359200,CLASS I
360900,CLASS I
543600,CLASS II
543700,CLASS I
544500,CLASS I
536400,CLASS I
536600,CLASS I
536900,CLASS I
537000,CLASS I
537200,CLASS I
362800,CLASS I
367600,CLASS I
537300,CLASS I
539600,CLASS I
539700,CLASS I
540200,CLASS I
546700,CLASS II
547000,CLASS I
558300,CLASS I
558400,CLASS II
558800,CLASS I
52700,CLASS I
806600,CLASS III
568500,CLASS II
569400,CLASS II
569700,CLASS II
571200,CLASS II
2736300,CLASS III
3000378,CLASS II
1307400,CLASS II
559800,CLASS I
561100,CLASS I
561200,CLASS I
562000,CLASS I
564500,CLASS II
566300,CLASS I
834000,CLASS III
1307700,CLASS II
1327300,CLASS I
574300,CLASS II
578500,CLASS II
578600,CLASS II
580600,CLASS II
580800,CLASS II
817600,CLASS III
5002069,CLASS I
2688700,CLASS I
1351100,CLASS II
285700,CLASS I
286100,CLASS II
290300,CLASS I
771300,CLASS II
290700,CLASS I
291000,CLASS I
287500,CLASS I
288400,CLASS I
290900,CLASS I
771400,CLASS I
164900,CLASS II
2633600,CLASS II
2634100,CLASS II
273400,CLASS I
370900,CLASS II
372300,CLASS I
374300,CLASS II
411000,CLASS II
276000,CLASS I
277900,CLASS II
279100,CLASS I
379600,CLASS II
379700,CLASS II
380700,CLASS I
383200,CLASS I
385000,CLASS I
385800,CLASS I
386800,CLASS I
386900,CLASS I
389600,CLASS I
245400,CLASS II
246800,CLASS I
448800,CLASS I
449000,CLASS I
392300,CLASS II
392400,CLASS II
394200,CLASS II
248800,CLASS II
250800,CLASS I
452500,CLASS III
454100,CLASS II
623500,CLASS I
623600,CLASS I
624700,CLASS II
2122300,CLASS I
683100,CLASS III
687400,CLASS II
693900,CLASS I
654300,CLASS I
655400,CLASS I
1382700,CLASS III
1384600,CLASS II
1387000,CLASS I
1388600,CLASS I
1390600,CLASS I
1392100,CLASS I
1393400,CLASS I
1394300,CLASS I
1395500,CLASS I
1402100,CLASS I
341900,CLASS I
1404700,CLASS I
1405300,CLASS II
1406000,CLASS I
1407100,CLASS I
1407300,CLASS I
1407400,CLASS I
1407800,CLASS I
1408500,CLASS II
1437200,CLASS II
1427700,CLASS III
1427800,CLASS II
1436400,CLASS II
1436800,CLASS II
1436900,CLASS I
1437600,CLASS II
1442200,CLASS III
1443800,CLASS I
1444000,CLASS I
1449400,CLASS I
1449500,CLASS II
1450000,CLASS I
1479900,CLASS II
1482000,CLASS II
1482700,CLASS I
1484300,CLASS II
1548300,CLASS II
1547300,CLASS II
1547400,CLASS III
1548600,CLASS II
1484400,CLASS II
1484700,CLASS I
1485200,CLASS II
1485900,CLASS II
1486200,CLASS I
1487000,CLASS II
1552300,CLASS I
1552600,CLASS I
1553000,CLASS I
1553100,CLASS I
1553200,CLASS I
1452700,CLASS I
1458200,CLASS II
1491700,CLASS I
1497800,CLASS I
1502000,CLASS I
1519100,CLASS II
1522500,CLASS III
1494900,CLASS I
1495700,CLASS II
713100,CLASS I
1638600,CLASS III
1385500,CLASS I
2114900,CLASS I
1525200,CLASS II
1527500,CLASS III
1460500,CLASS II
1460600,CLASS II
1461300,CLASS I
1461500,CLASS II
1461800,CLASS II
1496500,CLASS II
1496700,CLASS II
1497300,CLASS II
1498400,CLASS I
1500000,CLASS I
1500700,CLASS I
1530700,CLASS I
1501100,CLASS I
1504000,CLASS II
1556700,CLASS II
1532200,CLASS I
1533000,CLASS II
1522200,CLASS III
1524400,CLASS II
1533300,CLASS II
1471300,CLASS I
1471400,CLASS I
1471800,CLASS I
1557700,CLASS II
1560800,CLASS I
1801800,CLASS I
1563600,CLASS I
2252600,CLASS II
1442950,CLASS I
5002602,CLASS I
1493800,CLASS III
1493900,CLASS II
1494000,CLASS II
1476000,CLASS II
1566400,CLASS I
1566800,CLASS I
1535700,CLASS III
1539900,CLASS III
1562000,CLASS I
1476400,CLASS I
1477100,CLASS II
1477300,CLASS II
1477500,CLASS I
1477700,CLASS I
1478400,CLASS II
1478600,CLASS II
1507300,CLASS II
1508100,CLASS II
1508400,CLASS I
1570700,CLASS II
1572400,CLASS I
1573200,CLASS I
1573900,CLASS I
1479100,CLASS II
1479200,CLASS II
1479300,CLASS II
1479500,CLASS II
1479600,CLASS II
1479700,CLASS II
1511900,CLASS II
1512000,CLASS I
548800,CLASS II
1307000,CLASS I
551300,CLASS II
630900,CLASS I
631000,CLASS I
631700,CLASS II
632200,CLASS I
632300,CLASS I
655500,CLASS I
661100,CLASS II
667500,CLASS I
669200,CLASS I
551400,CLASS II
551600,CLASS I
552200,CLASS II
553300,CLASS I
553400,CLASS I
553500,CLASS II
554400,CLASS I
554500,CLASS II
635200,CLASS I
635600,CLASS I
713200,CLASS II
703900,CLASS II
704000,CLASS I
555800,CLASS II
612300,CLASS I
636300,CLASS III
636400,CLASS I
638800,CLASS I
640000,CLASS II
640600,CLASS I
2151550,CLASS I
708300,CLASS II
710200,CLASS II
712800,CLASS I
714000,CLASS II
2197900,CLASS III
612700,CLASS I
615400,CLASS II
615500,CLASS I
615700,CLASS II
2151600,CLASS I
643200,CLASS I
2174750,CLASS I
644100,CLASS I
644300,CLASS I
644600,CLASS I
643000,CLASS I
716400,CLASS II
2882500,CLASS III
3000126,CLASS I
619600,CLASS I
621100,CLASS I
622900,CLASS I
623000,CLASS I
623300,CLASS I
650600,CLASS I
650700,CLASS I
651100,CLASS I
651900,CLASS II
673200,CLASS I
673900,CLASS I
2106500,CLASS II
621000,CLASS I
2094200,CLASS I
2095200,CLASS II
620200,CLASS II
1386600,CLASS I
1388000,CLASS II
1593900,CLASS I
1605000,CLASS I
1601900,CLASS I
1275300,CLASS II
1298500,CLASS I
1300800,CLASS III
1300900,CLASS III
1303900,CLASS III
467200,CLASS I
467700,CLASS I
469450,CLASS I
469600,CLASS I
470300,CLASS I
472500,CLASS I
1208100,CLASS II
1191700,CLASS I
1191900,CLASS I
1193400,CLASS II
1194100,CLASS III
1194200,CLASS III
1195000,CLASS III
1196200,CLASS III
1197000,CLASS II
1199000,CLASS III
1199100,CLASS III
1204000,CLASS I
1205600,CLASS I
1205800,CLASS II
1206300,CLASS I
1207500,CLASS II
1207600,CLASS II
1208700,CLASS II
1208800,CLASS II
1209200,CLASS I
1209400,CLASS I
1209700,CLASS I
1210000,CLASS I
1211200,CLASS II
1211300,CLASS II
1211400,CLASS II
1212800,CLASS II
1212900,CLASS I
1213600,CLASS II
1215700,CLASS II
1216500,CLASS I
1217000,CLASS II
1217200,CLASS I
1218000,CLASS II
1218200,CLASS I
1218800,CLASS I
1218900,CLASS I
1237100,CLASS II
1237600,CLASS II
1238000,CLASS II
1238200,CLASS II
1238500,CLASS I
1239100,CLASS II
1239700,CLASS II
1221400,CLASS II
1222800,CLASS I
1223000,CLASS I
1226200,CLASS II
1226800,CLASS II
1228100,CLASS I
1228200,CLASS I
877400,CLASS III
883700,CLASS II
908500,CLASS II
382900,CLASS I
2114000,CLASS I
918100,CLASS II
1496000,CLASS I
1230200,CLASS II
1231000,CLASS II
1231300,CLASS II
1232100,CLASS II
817800,CLASS III
2120800,CLASS I
911500,CLASS I
911900,CLASS II
1232300,CLASS I
1232600,CLASS I
1233200,CLASS II
1233600,CLASS II
1236000,CLASS I
1236100,CLASS I
912400,CLASS II
912700,CLASS II
1243100,CLASS I
1244400,CLASS I
1244500,CLASS I
2130300,CLASS II
1684800,CLASS I
917700,CLASS II
1245000,CLASS II
1245200,CLASS II
1250400,CLASS II
1251100,CLASS II
1251400,CLASS II
5022463,CLASS I
1829100,CLASS I
888500,CLASS I
2085300,CLASS III
886400,CLASS II
1600400,CLASS II
3000370,CLASS II
2069500,CLASS II
2862600,CLASS I
1255600,CLASS II
1258400,CLASS I
886600,CLASS I
887000,CLASS II
1249200,CLASS II
1249900,CLASS II
1253300,CLASS II
1261100,CLASS I
1261200,CLASS I
899800,CLASS II
928200,CLASS II
929000,CLASS II
931800,CLASS II
1262600,CLASS III
1263700,CLASS I
1269300,CLASS II
902300,CLASS II
1272100,CLASS I
906200,CLASS II
904000,CLASS II
907900,CLASS II
908200,CLASS II
1574100,CLASS II
1575200,CLASS I
1610900,CLASS III
1578600,CLASS II
1282500,CLASS II
1283100,CLASS I
1283800,CLASS II
1306900,CLASS II
1307800,CLASS III
1180600,CLASS II
1584900,CLASS III
1620300,CLASS I
1620700,CLASS II
1620800,CLASS II
1623000,CLASS II
1623900,CLASS I
1285200,CLASS II
1181300,CLASS I
1181600,CLASS II
1182300,CLASS II
1183100,CLASS I
1627600,CLASS I
1628100,CLASS I
1628800,CLASS II
1628900,CLASS III
1299700,CLASS I
1301400,CLASS I
576500,CLASS II
580900,CLASS II
583300,CLASS III
1656000,CLASS III
1184300,CLASS III
1182400,CLASS I
1186400,CLASS I
1186600,CLASS II
1186900,CLASS II
1187500,CLASS II
1601400,CLASS III
1342800,CLASS II
1343400,CLASS II
1661300,CLASS I
1297300,CLASS II
1297500,CLASS II
1187800,CLASS I
1188800,CLASS I
1189000,CLASS I
1189200,CLASS II
1189800,CLASS I
1191400,CLASS III
465400,CLASS I
963400,CLASS II
964000,CLASS II
1653000,CLASS III
1653300,CLASS I
1653600,CLASS II
1653700,CLASS III
1654000,CLASS I
1686200,CLASS III
1695500,CLASS III
1695600,CLASS II
1697000,CLASS III
1698100,CLASS II
1700600,CLASS III
1700800,CLASS III
1705300,CLASS I
1705500,CLASS II
1705700,CLASS II
1705800,CLASS I
1708900,CLASS I
1788400,CLASS III
1710100,CLASS I
1710200,CLASS I
1792500,CLASS II
1805600,CLASS III
1806730,CLASS I
1806800,CLASS I
1713400,CLASS I
1726400,CLASS I
1748600,CLASS I
1774700,CLASS III
1775000,CLASS II
1783100,CLASS II
1775700,CLASS II
1812000,CLASS II
266800,CLASS I
1776000,CLASS II
1776700,CLASS III
1777100,CLASS II
1815000,CLASS II
1816200,CLASS II
1780500,CLASS II
1817500,CLASS III
1818200,CLASS III
1818300,CLASS III
2231400,CLASS I
2234000,CLASS I
2276200,CLASS I
2276500,CLASS I
2277900,CLASS III
1799600,CLASS III
1783500,CLASS III
1786700,CLASS II
1829700,CLASS I
1822400,CLASS II
2278600,CLASS I
2248400,CLASS II
2249100,CLASS III
2249400,CLASS I
2249600,CLASS I
2250300,CLASS II
1788900,CLASS III
1823300,CLASS II
1823600,CLASS II
1826200,CLASS I
484800,CLASS I
546400,CLASS I
3000265,CLASS I
1792600,CLASS II
1795100,CLASS III
1800300,CLASS III
1828900,CLASS II
2237100,CLASS I
2237900,CLASS I
2892500,CLASS II
270400,CLASS I
2247900,CLASS II
2253900,CLASS II
2257900,CLASS III
2258200,CLASS I
2260600,CLASS II
1802500,CLASS I
1802700,CLASS II
1802900,CLASS I
1803300,CLASS I
2240300,CLASS I
2241700,CLASS III
2247300,CLASS II
1804600,CLASS III
1806200,CLASS I
1807000,CLASS II
1807300,CLASS III
2261300,CLASS II
2261400,CLASS III
2206500,CLASS II
964500,CLASS I
965800,CLASS II
1654800,CLASS III
1655700,CLASS I
1657100,CLASS I
1657400,CLASS I
1658100,CLASS I
2874100,CLASS I
1678400,CLASS I
1678500,CLASS II
1679500,CLASS II
1679700,CLASS I
943600,CLASS II
950900,CLASS II
966100,CLASS II
1634800,CLASS I
1635000,CLASS III
1645500,CLASS I
1645600,CLASS I
1645800,CLASS I
1656100,CLASS III
1657600,CLASS I
1681500,CLASS II
1706400,CLASS II
952500,CLASS II
953900,CLASS II
954100,CLASS II
1643400,CLASS I
1658000,CLASS I
1659200,CLASS I
1659300,CLASS II
1660600,CLASS II
1661100,CLASS III
1662200,CLASS II
1662600,CLASS III
1684400,CLASS I
1689100,CLASS II
1689300,CLASS II
954600,CLASS II
1200800,CLASS II
2913800,CLASS II
943800,CLASS II
1644600,CLASS III
1645100,CLASS I
1645400,CLASS I
1646100,CLASS I
1646300,CLASS I
1646500,CLASS I
1659700,CLASS II
1659000,CLASS I
1663700,CLASS I
1676000,CLASS III
1689900,CLASS I
1692900,CLASS II
944600,CLASS II
1651500,CLASS III
1652300,CLASS III
1676600,CLASS III
1693500,CLASS II
1694300,CLASS I
2307400,CLASS I
2048300,CLASS II
2048700,CLASS III
2062400,CLASS II
2602800,CLASS II
2058900,CLASS II
2440100,CLASS II
2052400,CLASS II
2052700,CLASS II
2055000,CLASS II
2055300,CLASS II
2057200,CLASS II
2057300,CLASS II
2057600,CLASS II
2057700,CLASS I
2059400,CLASS II
2064200,CLASS II
2065200,CLASS II
2065300,CLASS I
2065400,CLASS I
2066500,CLASS II
2067000,CLASS II
2068300,CLASS II
2922100,CLASS II
2076200,CLASS II
2077100,CLASS I
2077200,CLASS II
2078500,CLASS I
2078600,CLASS I
1471900,CLASS I
1453600,CLASS II
2075500,CLASS I
2078300,CLASS II
5001871,CLASS I
332200,CLASS I
2058800,CLASS I
2443000,CLASS II
334800,CLASS I
3000366,CLASS II
3000357,CLASS II
3000365,CLASS II
332300,CLASS I
2603200,CLASS II
2071800,CLASS I
704500,CLASS III
705400,CLASS I
707400,CLASS I
708200,CLASS II
672800,CLASS I
2072900,CLASS I
2073000,CLASS I
2074000,CLASS II
2074600,CLASS II
2075400,CLASS I
2128500,CLASS II
2128700,CLASS I
2128900,CLASS II
2129300,CLASS I
2129600,CLASS I
2082700,CLASS II
2130500,CLASS II
2131100,CLASS II
2440000,CLASS I
2084500,CLASS II
2084700,CLASS I
2735900,CLASS I
91111,CLASS I
668200,CLASS I
2131400,CLASS II
2133300,CLASS II
2133400,CLASS II
2133500,CLASS I
2134200,CLASS II
2441700,CLASS I
675300,CLASS I
668600,CLASS I
669100,CLASS I
676500,CLASS I
681100,CLASS I
2088200,CLASS I
2136400,CLASS II
2130600,CLASS II
2689500,CLASS II
2134800,CLASS II
2442100,CLASS I
2447200,CLASS II
2135000,CLASS II
2447300,CLASS II
2447600,CLASS I
2119000,CLASS II
2095000,CLASS I
2135900,CLASS I
2142900,CLASS II
2602400,CLASS I
2604400,CLASS II
2095500,CLASS II
2096400,CLASS II
2099500,CLASS II
2103400,CLASS II
2104600,CLASS II
2145500,CLASS II
2145900,CLASS II
2124700,CLASS II
2111000,CLASS I
2369600,CLASS I
2150300,CLASS I
2604500,CLASS II
2609200,CLASS II
2111800,CLASS III
2116400,CLASS I
2118300,CLASS III
2151400,CLASS I
2152400,CLASS I
2274600,CLASS I
2275500,CLASS I
2333200,CLASS I
2335800,CLASS II
2371800,CLASS I
2372600,CLASS I
2374100,CLASS I
2404400,CLASS II
2404500,CLASS II
2404900,CLASS III
2407500,CLASS II
2276700,CLASS I
2280000,CLASS II
2341400,CLASS I
2341700,CLASS I
2342200,CLASS II
2132700,CLASS II
2408500,CLASS III
2409600,CLASS II
2410100,CLASS II
2410600,CLASS II
2410900,CLASS III
1822000,CLASS II
2287000,CLASS II
2287500,CLASS I
2287700,CLASS II
98400,CLASS II
145300,CLASS I
81500,CLASS III
883800,CLASS III
353500,CLASS I
2397900,CLASS I
2398000,CLASS II
2411700,CLASS II
2432100,CLASS I
2432300,CLASS II
2435200,CLASS II
2427500,CLASS III
2907900,CLASS III
2357300,CLASS II
2399200,CLASS I
2437200,CLASS I
2299500,CLASS III
2370100,CLASS I
2387400,CLASS I
2388800,CLASS I
2652900,CLASS I
2653000,CLASS I
2653300,CLASS I
474100,CLASS I
2738700,CLASS I
2731400,CLASS II
2742900,CLASS III
357200,CLASS II
39000,CLASS II
2356600,CLASS III
2843000,CLASS II
2861100,CLASS I
2862200,CLASS I
2863100,CLASS I
2864200,CLASS II
2870400,CLASS I
2870700,CLASS I
2870900,CLASS I
2871500,CLASS II
2871700,CLASS I
2873100,CLASS I
2873200,CLASS I
2873600,CLASS I
2873800,CLASS I
2874500,CLASS I
2877800,CLASS I
2880100,CLASS I
2880200,CLASS I
2881000,CLASS I
2881800,CLASS II
2882000,CLASS III
2882700,CLASS I
2882800,CLASS III
2884400,CLASS II
2885100,CLASS I
2885500,CLASS I
2886100,CLASS I
2886200,CLASS I
2887200,CLASS I
2887500,CLASS I
2888600,CLASS I
2889000,CLASS I
2889400,CLASS I
2889600,CLASS I
2917400,CLASS II
2919300,CLASS I
2964700,CLASS II
618200,CLASS I
686800,CLASS II
2920200,CLASS II
2920300,CLASS I
2921700,CLASS I
2922800,CLASS II
2923300,CLASS II
2923500,CLASS II
867100,CLASS II
1451800,CLASS II
2896000,CLASS I
2923600,CLASS II
2923800,CLASS II
2924100,CLASS II
2924600,CLASS I
2924800,CLASS II
2925000,CLASS III
2925900,CLASS II
2926000,CLASS II
1211000,CLASS II
2438900,CLASS II
2896400,CLASS I
2897400,CLASS I
2897600,CLASS II
2898600,CLASS I
2900800,CLASS I
2926700,CLASS III
2927300,CLASS III
2927800,CLASS I
2929400,CLASS II
2930700,CLASS I
1205500,CLASS III
1708000,CLASS I
1341600,CLASS III
302900,CLASS I
2900900,CLASS II
2904200,CLASS I
1827600,CLASS I
1828100,CLASS I
1828300,CLASS I
1828700,CLASS I
1828800,CLASS I
1829300,CLASS I
1829400,CLASS I
1829500,CLASS I
1830600,CLASS I
2931900,CLASS II
286000,CLASS II
1830800,CLASS I
2906800,CLASS II
2907200,CLASS I
2907500,CLASS II
2907600,CLASS I
2933600,CLASS II
2936300,CLASS II
2937400,CLASS III
2938700,CLASS I
2907700,CLASS II
2908200,CLASS II
2908850,CLASS II
2909300,CLASS II
2910400,CLASS II
2939000,CLASS III
2939600,CLASS III
2940100,CLASS III
91000,CLASS II
91600,CLASS II
2919700,CLASS I
2922450,CLASS I
919600,CLASS II
946000,CLASS I
3000364,CLASS II
1182000,CLASS II
1210800,CLASS II
2941300,CLASS I
2941600,CLASS II
2941700,CLASS I
2943100,CLASS III
88000,CLASS II
85500,CLASS II
2206400,CLASS II
1640500,CLASS I
7215134,CLASS I
2948000,CLASS III
2949100,CLASS II
2913900,CLASS II
2915300,CLASS II
2915500,CLASS II
2611700,CLASS II
2616800,CLASS I
2617000,CLASS II
2621700,CLASS III
2622000,CLASS III
2747400,CLASS II
2748500,CLASS I
2748600,CLASS III
2749100,CLASS I
2689600,CLASS I
2690600,CLASS II
2726500,CLASS I
2727000,CLASS I
2728200,CLASS II
2731900,CLASS III
2618200,CLASS II
2626100,CLASS I
2626200,CLASS I
2666700,CLASS I
2667500,CLASS II
2657800,CLASS II
1461100,CLASS II
2705100,CLASS I
2711300,CLASS I
2694300,CLASS III
2695900,CLASS I
2735600,CLASS III
2836100,CLASS II
2626900,CLASS II
2628900,CLASS II
2659500,CLASS I
2660100,CLASS II
2663300,CLASS I
2663700,CLASS I
2712300,CLASS II
2440700,CLASS II
632900,CLASS I
2634500,CLASS I
2677300,CLASS I
2677800,CLASS II
2678900,CLASS I
2679000,CLASS II
2681700,CLASS I
2685500,CLASS I
2713800,CLASS III
2715800,CLASS I
2717400,CLASS I
2717500,CLASS I
2071000,CLASS I
2614000,CLASS II
2636700,CLASS II
2637400,CLASS I
2641600,CLASS I
2641700,CLASS II
2642400,CLASS II
2642800,CLASS I
2688300,CLASS II
2735800,CLASS I
2738400,CLASS I
2718300,CLASS I
2720500,CLASS I
2721700,CLASS I
2604000,CLASS II
2837000,CLASS II
2837300,CLASS I
148500,CLASS I
152400,CLASS I
157900,CLASS I
707000,CLASS I
711700,CLASS II
1521200,CLASS II
1184800,CLASS I
1215500,CLASS II
1216400,CLASS II
1216700,CLASS I
1217700,CLASS I
1218300,CLASS I
1219000,CLASS II
1238400,CLASS II
1239000,CLASS II
1239800,CLASS II
542200,CLASS I
542300,CLASS I
543000,CLASS I
543100,CLASS I
544000,CLASS I
1222900,CLASS I
1226500,CLASS II
1228000,CLASS II
1231700,CLASS II
1236200,CLASS II
1224700,CLASS I
964400,CLASS II
1635500,CLASS I
1636100,CLASS I
1645200,CLASS III
1646400,CLASS I
1651300,CLASS II
1655600,CLASS I
1656900,CLASS I
1705400,CLASS II
1710900,CLASS II
1713900,CLASS III
2145600,CLASS II
2937100,CLASS II
2938900,CLASS II
1709800,CLASS I
1714000,CLASS II
2947700,CLASS I
489000,CLASS II
329000,CLASS I
658500,CLASS I
696000,CLASS III
1819300,CLASS III
1824200,CLASS III
1831100,CLASS I
2643000,CLASS II
2667000,CLASS II
2680600,CLASS I
1191200,CLASS I
528450,CLASS I
570000,CLASS I
2736800,CLASS I
2711600,CLASS III
2693200,CLASS I
623900,CLASS III
634100,CLASS II
2069400,CLASS II
2069600,CLASS II
2069700,CLASS II
2070000,CLASS II
2255600,CLASS I
2070700,CLASS II
2070800,CLASS II
2071100,CLASS II
2073950,CLASS II
2074050,CLASS II
2074300,CLASS II
2074700,CLASS II
1592100,CLASS I
1600600,CLASS I
2274700,CLASS III
2873250,CLASS I
2883550,CLASS I
2881850,CLASS I
2885700,CLASS I
2900400,CLASS III
1649100,CLASS I
2052800,CLASS II
2862400,CLASS I
2864300,CLASS I
2868100,CLASS I
2870800,CLASS I
2873700,CLASS I
2881500,CLASS II
1795800,CLASS III
2057100,CLASS II
2066900,CLASS II
2068800,CLASS II
2075200,CLASS II
389400,CLASS I
2076430,CLASS II
2886800,CLASS I
2705500,CLASS I
2718900,CLASS I
2730200,CLASS I
2076700,CLASS II
2076800,CLASS II
2134900,CLASS II
2929300,CLASS I
2930100,CLASS II
2932900,CLASS II
2934600,CLASS II
1532600,CLASS II
1534200,CLASS II
101200,CLASS I
799900,CLASS II
1499700,CLASS II
1569000,CLASS III
768300,CLASS II
520100,CLASS III
527000,CLASS I
538400,CLASS I
1442400,CLASS I
1449300,CLASS II
1284100,CLASS II
250100,CLASS I
649800,CLASS I
650900,CLASS I
674200,CLASS II
2071300,CLASS II
1458300,CLASS I
1459200,CLASS I
1472000,CLASS I
1327500,CLASS II
569500,CLASS I
653600,CLASS II
657000,CLASS I
1476900,CLASS II
1550000,CLASS II
1548400,CLASS II
1552800,CLASS III
1640400,CLASS I
1653200,CLASS I
1341900,CLASS I
1235700,CLASS I
1265000,CLASS III
2862700,CLASS I
2886500,CLASS III
2272850,CLASS III
1223800,CLASS I
2085600,CLASS II
2193000,CLASS II
2688100,CLASS III
2740400,CLASS II
2745500,CLASS II
527100,CLASS I
529700,CLASS I
533900,CLASS I
2273000,CLASS III
2332100,CLASS I
1484500,CLASS II
1562900,CLASS II
1600700,CLASS I
2274400,CLASS I
293900,CLASS I
383400,CLASS II
385300,CLASS II
381000,CLASS I
381900,CLASS I
2281200,CLASS II
398300,CLASS I
3000174,CLASS I
536650,CLASS I
1238900,CLASS II
522100,CLASS I
1635900,CLASS I
1216800,CLASS II
1218400,CLASS I
1223200,CLASS I
1224300,CLASS I
1224400,CLASS I
1227100,CLASS II
1227900,CLASS I
263300,CLASS I
269600,CLASS I
1640600,CLASS I
1641500,CLASS II
1228300,CLASS I
1228600,CLASS I
1228700,CLASS I
1232625,CLASS I
1233900,CLASS III
1237300,CLASS II
477300,CLASS II
478100,CLASS II
485800,CLASS I
304300,CLASS I
488000,CLASS I
491900,CLASS I
492200,CLASS I
493300,CLASS I
493350,CLASS I
494500,CLASS I
769400,CLASS II
1244700,CLASS II
524400,CLASS I
544200,CLASS II
545750,CLASS I
547800,CLASS III
874100,CLASS II
4000036,CLASS II
656375,CLASS I
849000,CLASS I
558900,CLASS I
559900,CLASS I
666200,CLASS II
886900,CLASS II
1183400,CLASS II
1184000,CLASS I
1185900,CLASS I
1186500,CLASS III
1259500,CLASS I
612900,CLASS I
613200,CLASS II
613400,CLASS I
613600,CLASS II
615650,CLASS I
1813900,CLASS II
1187400,CLASS I
1187600,CLASS I
1188000,CLASS III
3000228,CLASS III
1189700,CLASS I
1190500,CLASS I
3000414,CLASS III
1291400,CLASS III
1294300,CLASS III
3000535,CLASS I
630500,CLASS I
631800,CLASS I
1192100,CLASS I
1192700,CLASS I
1193000,CLASS II
1193300,CLASS II
1193500,CLASS III
1195300,CLASS III
1196300,CLASS III
1200900,CLASS II
1201000,CLASS II
1201300,CLASS I
615800,CLASS I
617600,CLASS I
1272200,CLASS I
618950,CLASS I
621200,CLASS I
621600,CLASS I
623850,CLASS II
625300,CLASS I
626300,CLASS I
626600,CLASS I
626700,CLASS I
626800,CLASS I
628200,CLASS I
3000382,CLASS I
1206000,CLASS I
1207200,CLASS II
448860,CLASS I
458400,CLASS I
458460,CLASS I
458470,CLASS I
460000,CLASS I
460300,CLASS I
631900,CLASS I
632000,CLASS I
632100,CLASS I
632500,CLASS I
633300,CLASS I
633400,CLASS I
634850,CLASS I
460450,CLASS I
461450,CLASS I
462900,CLASS I
463300,CLASS I
3000354,CLASS III
158400,CLASS I
821400,CLASS II
463700,CLASS I
1208200,CLASS I
1208300,CLASS II
1208400,CLASS II
1208500,CLASS II
907300,CLASS I
956000,CLASS II
887800,CLASS II
1240100,CLASS II
2886300,CLASS II
1212000,CLASS II
2076500,CLASS II
1305700,CLASS III
1253900,CLASS II
1825200,CLASS I
1220000,CLASS II
1194900,CLASS I
2076300,CLASS II
1338900,CLASS II
53400,CLASS II
1185700,CLASS III
27100,CLASS I
1693300,CLASS I
98200,CLASS II
1496300,CLASS II
2169000,CLASS I
382000,CLASS I
2390300,CLASS I
1500600,CLASS II
1647700,CLASS III
1701600,CLASS III
1665600,CLASS II
1303400,CLASS III
1331100,CLASS I
1332500,CLASS I
1341100,CLASS I
1341700,CLASS III
525400,CLASS II
1187200,CLASS I
146800,CLASS II
1825900,CLASS I
1300200,CLASS I
1343900,CLASS II
1370800,CLASS I
1487100,CLASS II
1488200,CLASS II
1563900,CLASS I
1684000,CLASS I
1684050,CLASS III
3000343,CLASS III
3000383,CLASS I
1684600,CLASS I
1684700,CLASS I
3000361,CLASS II
1696000,CLASS II
2060000,CLASS I
2443800,CLASS I
2603900,CLASS I
3000345,CLASS II
2614300,CLASS II
638400,CLASS I
642200,CLASS I
642750,CLASS I
2056700,CLASS II
2067100,CLASS II
2070100,CLASS II
2072800,CLASS II
658600,CLASS I
2285500,CLASS I
1395300,CLASS I
660400,CLASS I
664625,CLASS I
658300,CLASS I
1458400,CLASS I
5007344,CLASS I
1486000,CLASS I
704700,CLASS I
3000170,CLASS I
286075,CLASS I
2607900,CLASS II
306800,CLASS I
2051000,CLASS II
2051300,CLASS I
312925,CLASS I
2062200,CLASS II
2063000,CLASS II
2059650,CLASS II
2602500,CLASS II
2440500,CLASS II
2603500,CLASS II
2603100,CLASS I
3000353,CLASS I
2231600,CLASS III
2233800,CLASS I
2124500,CLASS II
2370800,CLASS I
2372700,CLASS I
2129500,CLASS I
2380500,CLASS I
2387100,CLASS II
2437350,CLASS I
2689800,CLASS III
650050,CLASS I
2247700,CLASS I
314350,CLASS I
5009740,CLASS I
2658900,CLASS II
2748100,CLASS II
3000162,CLASS II
2333850,CLASS I
347900,CLASS I
50740,CLASS II
371200,CLASS II
382500,CLASS II
1497100,CLASS II
1519800,CLASS II
1565100,CLASS II
2088800,CLASS II
2096200,CLASS II
2118800,CLASS II
2085100,CLASS II
2260700,CLASS I
3000514,CLASS II
5003496,CLASS I
1622300,CLASS II
5003708,CLASS I
1604500,CLASS I
5003678,CLASS I
3000104,CLASS II
3000152,CLASS II
3000153,CLASS II
3000154,CLASS II
3000156,CLASS II
3000183,CLASS II
3000192,CLASS II
3000205,CLASS II
2289400,CLASS I
2289500,CLASS I
2289900,CLASS I
397400,CLASS I
1206200,CLASS I
1262300,CLASS I
358200,CLASS I
283400,CLASS I
2049400,CLASS II
5001283,CLASS I
2407600,CLASS III
2230400,CLASS I
286500,CLASS I
2659400,CLASS I
2635200,CLASS II
353700,CLASS I
5029301,CLASS I
1649000,CLASS I
5001388,CLASS I
2950600,CLASS III
3000127,CLASS III
3000128,CLASS III
3000146,CLASS I
2152300,CLASS I
1681900,CLASS I
167100,CLASS I
1683200,CLASS I
1188900,CLASS I
1198200,CLASS I
3000026,CLASS I
3000025,CLASS I
5027707,CLASS I
5000359,CLASS I
5000485,CLASS I
5000341,CLASS I
5000363,CLASS I
2863300,CLASS I
2881300,CLASS I
542400,CLASS I
2889500,CLASS I
2659600,CLASS I
701700,CLASS III
5000443,CLASS I
2871200,CLASS I
2885000,CLASS I
1447000,CLASS I
1457800,CLASS I
1476300,CLASS II
1482500,CLASS II
90800,CLASS I
918000,CLASS II
150200,CLASS I
150100,CLASS I
158000,CLASS I
2868200,CLASS I
634900,CLASS I
1304400,CLASS I
1648500,CLASS I
3000123,CLASS I
3000125,CLASS I
2749300,CLASS III
2750700,CLASS III
2951300,CLASS II
2291000,CLASS II
645800,CLASS I
2057750,CLASS II
861400,CLASS II
1808300,CLASS II
2292000,CLASS II
2292100,CLASS II
2406000,CLASS II
2406200,CLASS II
2407300,CLASS II
2681200,CLASS I
2722200,CLASS I
2721200,CLASS II
619200,CLASS I
619400,CLASS I
2067300,CLASS II
1645900,CLASS II
1646000,CLASS I
2057650,CLASS I
2103300,CLASS II
2098700,CLASS II
2067500,CLASS I
2067570,CLASS I
2068900,CLASS II
2082650,CLASS II
2083000,CLASS II
2083120,CLASS II
3000172,CLASS I
389500,CLASS I
2083300,CLASS II
1666700,CLASS I
1666300,CLASS II
1665500,CLASS I
1664700,CLASS I
1662400,CLASS II
2883800,CLASS II
1678800,CLASS III
1679000,CLASS II
1679400,CLASS I
1826400,CLASS II
1827400,CLASS III
1831000,CLASS I
1831200,CLASS I
711100,CLASS II
2096100,CLASS II
2122050,CLASS I
3000271,CLASS II
250900,CLASS I
2736000,CLASS I
648400,CLASS I
1680200,CLASS I
1680400,CLASS II
1680600,CLASS II
1681600,CLASS I
1683250,CLASS I
1683300,CLASS I
1683310,CLASS II
1683400,CLASS II
1683500,CLASS I
1683600,CLASS I
1683650,CLASS I
357100,CLASS II
1683800,CLASS III
719200,CLASS II
566400,CLASS II
1518830,CLASS I
2333300,CLASS I
2083150,CLASS II
2086400,CLASS I
2121700,CLASS I
2122100,CLASS I
2122200,CLASS I
2604800,CLASS II
5003887,CLASS I
650400,CLASS I
651150,CLASS I
653550,CLASS I
654100,CLASS I
656000,CLASS I
657500,CLASS I
2604300,CLASS I
2926600,CLASS III
2885200,CLASS I
2887300,CLASS I
2884900,CLASS I
4000019,CLASS I
1190900,CLASS I
5014378,CLASS II
5013121,CLASS II
2130200,CLASS II
1273700,CLASS I
1186100,CLASS I
1211800,CLASS I
2920800,CLASS II
5016903,CLASS I
5016902,CLASS I
5016871,CLASS I
5002672,CLASS III
5002765,CLASS II
5002711,CLASS III
2908600,CLASS III
5002767,CLASS III
2930200,CLASS II
2906450,CLASS II
2941500,CLASS II
5002582,CLASS II
806800,CLASS II
1213400,CLASS I
646000,CLASS I
2885800,CLASS I
5008210,CLASS I
1237700,CLASS I
5014474,CLASS I
2113700,CLASS I
664800,CLASS I
2250200,CLASS I
4000033,CLASS I
306400,CLASS I
4000029,CLASS I
4000030,CLASS I
1820700,CLASS III
1445700,CLASS II
629800,CLASS I
1641200,CLASS I
1641700,CLASS II
2085900,CLASS II
156100,CLASS I
3000274,CLASS I
632050,CLASS I
632150,CLASS I
632075,CLASS I
632350,CLASS I
632250,CLASS I
2252300,CLASS II
611500,CLASS I
636100,CLASS I
643100,CLASS I
656800,CLASS I
3000283,CLASS I
297750,CLASS I
521700,CLASS I
341600,CLASS I
1491500,CLASS II
1492400,CLASS II
300300,CLASS I
2247600,CLASS I
521300,CLASS II
618450,CLASS I
3000282,CLASS I
330750,CLASS I
644800,CLASS I
3000207,CLASS I
558550,CLASS I
297800,CLASS I
3000284,CLASS I
304800,CLASS I
2378400,CLASS I
310800,CLASS I
3000204,CLASS I
344500,CLASS II
649000,CLASS I
763700,CLASS III
3000191,CLASS II
1498900,CLASS II
616150,CLASS I
3000193,CLASS II
3000241,CLASS I
621350,CLASS I
624450,CLASS I
3000200,CLASS I
758700,CLASS I
3000177,CLASS II
618150,CLASS I
311500,CLASS I
3000280,CLASS I
1526700,CLASS I
7215132,CLASS II
311550,CLASS I
304000,CLASS I
708100,CLASS II
3000388,CLASS I
671850,CLASS I
3000286,CLASS I
3000185,CLASS II
641800,CLASS I
303325,CLASS I
303900,CLASS I
249200,CLASS I
333300,CLASS I
490200,CLASS I
344700,CLASS II
397300,CLASS II
535700,CLASS II
3000272,CLASS II
57150,CLASS I
708425,CLASS I
708450,CLASS I
3000180,CLASS II
1493100,CLASS I
3000181,CLASS II
3000184,CLASS II
3000182,CLASS II
3000397,CLASS I
7215133,CLASS II
3000194,CLASS II
3000230,CLASS I
1393300,CLASS II
3000219,CLASS II
2058350,CLASS II
3000372,CLASS II
3000175,CLASS II
390100,CLASS I
2862390,CLASS I
355050,CLASS I
3000155,CLASS II
3000195,CLASS II
346800,CLASS I
304400,CLASS I
3000196,CLASS II
400000,CLASS II
635650,CLASS I
399900,CLASS I
625750,CLASS I
656380,CLASS I
3000373,CLASS II
3000176,CLASS II
3000289,CLASS II
3000412,CLASS I
664650,CLASS I
644650,CLASS I
3000240,CLASS I
3000385,CLASS I
526400,CLASS II
490300,CLASS I
546950,CLASS I
3000356,CLASS II
2716100,CLASS II
658450,CLASS I
3000258,CLASS I
669050,CLASS I
336500,CLASS I
675900,CLASS I
309200,CLASS I
3000199,CLASS I
496400,CLASS I
3000395,CLASS I
3000376,CLASS II
3000392,CLASS I
3000197,CLASS II
345700,CLASS II
659650,CLASS I
706750,CLASS I
2879800,CLASS I
708445,CLASS I
1376200,CLASS II
3000266,CLASS II
534300,CLASS I
1535750,CLASS I
619850,CLASS I
3000396,CLASS I
3000208,CLASS I
1389600,CLASS I
707100,CLASS I
345600,CLASS II
338900,CLASS I
1407550,CLASS I
3000380,CLASS II
615600,CLASS I
666900,CLASS I
3000198,CLASS II
635150,CLASS I
3000394,CLASS I
3000091,CLASS I
535250,CLASS I
464300,CLASS I
3000371,CLASS II
680900,CLASS I
1443200,CLASS I
485500,CLASS I
752400,CLASS II
621325,CLASS I
400300,CLASS I
490600,CLASS I
1524800,CLASS I
474200,CLASS I
390300,CLASS I
2199000,CLASS III
5022399,CLASS II
350000,CLASS I
490400,CLASS I
622300,CLASS I
3000374,CLASS II
361900,CLASS I
617400,CLASS I
398200,CLASS I
494900,CLASS I
3000369,CLASS II
1443000,CLASS I
401000,CLASS I
680700,CLASS I
625600,CLASS I
3000117,CLASS I
2380800,CLASS I
362600,CLASS I
386100,CLASS I
2678850,CLASS I
2665400,CLASS I
386300,CLASS I
1407250,CLASS I
353300,CLASS II
492550,CLASS I
659400,CLASS I
1567400,CLASS II
2381500,CLASS I
770300,CLASS I
680000,CLASS I
367300,CLASS I
914100,CLASS II
383600,CLASS I
3000377,CLASS II
3000275,CLASS I
657200,CLASS I
3000210,CLASS I
333000,CLASS I
911300,CLASS II
348550,CLASS I
380100,CLASS I
1531100,CLASS I
919800,CLASS II
3000375,CLASS II
658800,CLASS I
659300,CLASS I
3000054,CLASS I
1252100,CLASS II
360000,CLASS I
896500,CLASS II
410000,CLASS II
5012788,CLASS I
910400,CLASS II
5036197,CLASS II
2370400,CLASS III
397550,CLASS I
544900,CLASS I
343100,CLASS I
521800,CLASS I
625400,CLASS I
1484100,CLASS I
904500,CLASS II
32000,CLASS I
176800,CLASS II
254000,CLASS II
905700,CLASS II
1492700,CLASS II
758500,CLASS II
346300,CLASS II
379900,CLASS I
97500,CLASS II
1658700,CLASS I
341800,CLASS I
1524600,CLASS I
341500,CLASS I
173800,CLASS I
1475800,CLASS III
2887700,CLASS II
834100,CLASS III
2666600,CLASS II
885400,CLASS I
5008291,CLASS I
2099000,CLASS I
1391300,CLASS II
2114400,CLASS I
5003249,CLASS I
364500,CLASS I
2118900,CLASS II
379400,CLASS II
1378300,CLASS II
5009179,CLASS I
2289100,CLASS II
2067200,CLASS II
2636100,CLASS II
2288000,CLASS II
4000032,CLASS I
97100,CLASS II
61000,CLASS II
920700,CLASS II
1696900,CLASS III
1683700,CLASS I
1683100,CLASS I
3000027,CLASS I
906000,CLASS II
410050,CLASS I
910300,CLASS II
367000,CLASS I
619250,CLASS I
461400,CLASS I
628900,CLASS I
1604300,CLASS I
2374850,CLASS I
32200,CLASS I
2086300,CLASS I
371000,CLASS II
5003672,CLASS I
449100,CLASS I
146600,CLASS I
520925,CLASS I
2744100,CLASS III
1634600,CLASS I
155000,CLASS II
5006091,CLASS I
481600,CLASS I
168600,CLASS II
5003854,CLASS I
369500,CLASS I
1530300,CLASS II
2740700,CLASS III
363800,CLASS I
886800,CLASS II
245000,CLASS I
358400,CLASS I
1478900,CLASS II
664900,CLASS I
1495800,CLASS II
1634900,CLASS I
1529100,CLASS III
322100,CLASS I
374500,CLASS II
289000,CLASS I
353900,CLASS I
481850,CLASS I
1635700,CLASS I
364400,CLASS I
1273200,CLASS I
1634700,CLASS I
881900,CLASS III
2193400,CLASS II
99600,CLASS I
354100,CLASS I
359000,CLASS I
910100,CLASS II
2363400,CLASS I
1496400,CLASS II
1404100,CLASS I
748300,CLASS III
342600,CLASS I
1269600,CLASS I
402600,CLASS I
1641000,CLASS III
286600,CLASS II
3000179,CLASS II
880300,CLASS III
263000,CLASS II
1636200,CLASS I
2282600,CLASS II
801000,CLASS II
2280400,CLASS II
367500,CLASS I
1404900,CLASS I
380300,CLASS II
4000031,CLASS I
279000,CLASS I
156600,CLASS I
2255500,CLASS I
1511700,CLASS II
1479000,CLASS II
2241400,CLASS I
250500,CLASS I
2150400,CLASS I
2735700,CLASS III
1562700,CLASS II
1636700,CLASS II
1383200,CLASS I
1343800,CLASS I
2088900,CLASS II
821200,CLASS I
1638800,CLASS II
1441800,CLASS I
2738800,CLASS III
152300,CLASS I
1619800,CLASS I
2332800,CLASS II
97800,CLASS I
99700,CLASS II
289200,CLASS I
282100,CLASS II
289300,CLASS I
290100,CLASS I
273300,CLASS I
373600,CLASS II
390700,CLASS I
399500,CLASS II
251300,CLASS I
352500,CLASS I
4000035,CLASS I
5004512,CLASS I
5003379,CLASS II
2841700,CLASS I
355100,CLASS I
816100,CLASS II
1407500,CLASS I
1462600,CLASS II
1493000,CLASS I
1620600,CLASS I
1635800,CLASS I
2342900,CLASS II
2736500,CLASS II
2910000,CLASS I
2929700,CLASS II
2962600,CLASS II
2230700,CLASS I
5002427,CLASS II
3000076,CLASS II
2080500,CLASS II
511071,CLASS I
2949800,CLASS II
2109700,CLASS I
1241400,CLASS I
1711600,CLASS II
243700,CLASS II
137400,CLASS II
156000,CLASS II
366800,CLASS II
1568100,CLASS I
880100,CLASS II
2068600,CLASS II
2082400,CLASS II
1220600,CLASS II
2055700,CLASS III
440200,CLASS III
136200,CLASS I
41600,CLASS II
176400,CLASS I
1703300,CLASS II
3000411,CLASS II
2748200,CLASS II
151900,CLASS I
645300,CLASS I
1459900,CLASS I
2437300,CLASS I
2385900,CLASS I
2387900,CLASS I
2912200,CLASS II
2913700,CLASS I
2938800,CLASS I
1715800,CLASS I
476100,CLASS II
571600,CLASS II
328600,CLASS I
392900,CLASS I
392200,CLASS II
2883100,CLASS II
2883900,CLASS III
1186000,CLASS I
5030661,CLASS I
5008105,CLASS I
2051500,CLASS II
2062100,CLASS II
3000077,CLASS I
1241800,CLASS I
443800,CLASS I
1264100,CLASS I
5000680,CLASS I
5000708,CLASS I
5000659,CLASS I
5000677,CLASS II
5000745,CLASS II
2837100,CLASS II
1689700,CLASS I
5000430,CLASS I
758800,CLASS I
1641800,CLASS I
